Density,Throughput
0.1,0.036
0.2,0.098
0.30000000000000004,0.142
0.4,0.088
0.5,0.162
0.6,0.04
0.7000000000000001,0.185
0.8,0.034
0.9,0.0
1.0,0.0
