Density,Throughput
0.1,0.044
0.2,0.056
0.30000000000000004,0.124
0.4,0.09
0.5,0.108
0.6,0.053
0.7000000000000001,0.119
0.8,0.066
0.9,0.382
1.0,0.006
