Density,Throughput
0.1,0.04
0.2,0.064
0.30000000000000004,0.131
0.4,0.09
0.5,0.131
0.6,0.051
0.7000000000000001,0.258
0.8,0.024
0.9,0.998
1.0,0.0
