Density,Throughput
0.1,0.034
0.2,0.084
0.30000000000000004,0.107
0.4,0.1
0.5,0.154
0.6,0.093
0.7000000000000001,0.235
0.8,0.009
0.9,0.0
1.0,0.0
