Density,Throughput
0.1,0.026
0.2,0.115
0.30000000000000004,0.106
0.4,0.077
0.5,0.159
0.6,0.07
0.7000000000000001,0.135
0.8,0.051
0.9,0.0
1.0,0.0
