Density,Travel Time,Frequency
0.7777777777777778,0,941
0.7777777777777778,83,2
0.7777777777777778,84,1
0.7777777777777778,85,2
0.7777777777777778,88,1
0.7777777777777778,89,2
0.7777777777777778,90,2
0.7777777777777778,91,2
0.7777777777777778,92,3
0.7777777777777778,93,10
0.7777777777777778,94,4
0.7777777777777778,95,7
0.7777777777777778,96,2
0.7777777777777778,97,5
0.7777777777777778,98,5
0.7777777777777778,99,7
0.7777777777777778,100,4
