Density,Travel Time,Frequency
0.26262626262626265,0,976
0.26262626262626265,22,1
0.26262626262626265,24,1
0.26262626262626265,25,1
0.26262626262626265,27,1
0.26262626262626265,30,1
0.26262626262626265,31,1
0.26262626262626265,32,1
0.26262626262626265,94,1
0.26262626262626265,95,4
0.26262626262626265,96,2
0.26262626262626265,97,4
0.26262626262626265,98,1
0.26262626262626265,99,4
0.26262626262626265,100,1
