Density,Travel Time,Frequency
0.05050505050505051,0,986
0.05050505050505051,73,1
0.05050505050505051,81,1
0.05050505050505051,88,1
0.05050505050505051,89,1
0.05050505050505051,90,1
0.05050505050505051,95,2
0.05050505050505051,96,1
0.05050505050505051,97,1
0.05050505050505051,98,3
0.05050505050505051,99,1
0.05050505050505051,100,1
