Density,Travel Time,Frequency
0.13131313131313133,0,982
0.13131313131313133,77,1
0.13131313131313133,80,1
0.13131313131313133,81,1
0.13131313131313133,83,1
0.13131313131313133,84,2
0.13131313131313133,86,1
0.13131313131313133,90,1
0.13131313131313133,91,1
0.13131313131313133,92,1
0.13131313131313133,93,1
0.13131313131313133,94,1
0.13131313131313133,96,2
0.13131313131313133,98,1
0.13131313131313133,99,1
0.13131313131313133,100,2
