Density,Travel Time,Frequency
0.05050505050505051,0,990
0.05050505050505051,79,1
0.05050505050505051,82,1
0.05050505050505051,83,1
0.05050505050505051,84,1
0.05050505050505051,87,1
0.05050505050505051,89,1
0.05050505050505051,93,1
0.05050505050505051,94,1
0.05050505050505051,98,1
0.05050505050505051,99,1
