Density,Travel Time,Frequency
0.05050505050505051,0,980
0.05050505050505051,82,1
0.05050505050505051,83,1
0.05050505050505051,84,2
0.05050505050505051,85,2
0.05050505050505051,86,1
0.05050505050505051,88,2
0.05050505050505051,89,1
0.05050505050505051,90,1
0.05050505050505051,91,1
0.05050505050505051,93,1
0.05050505050505051,95,1
0.05050505050505051,96,1
0.05050505050505051,97,2
0.05050505050505051,98,2
0.05050505050505051,99,1
