Density,Travel Time,Frequency
0.9595959595959597,0,951
0.9595959595959597,85,1
0.9595959595959597,86,1
0.9595959595959597,87,2
0.9595959595959597,89,2
0.9595959595959597,90,1
0.9595959595959597,91,3
0.9595959595959597,92,2
0.9595959595959597,93,9
0.9595959595959597,94,4
0.9595959595959597,95,4
0.9595959595959597,96,5
0.9595959595959597,97,4
0.9595959595959597,98,3
0.9595959595959597,99,4
0.9595959595959597,100,4
