Density,Travel Time,Frequency
0.07070707070707072,0,980
0.07070707070707072,83,1
0.07070707070707072,84,1
0.07070707070707072,85,2
0.07070707070707072,86,1
0.07070707070707072,88,2
0.07070707070707072,89,1
0.07070707070707072,90,2
0.07070707070707072,91,1
0.07070707070707072,92,2
0.07070707070707072,93,1
0.07070707070707072,94,1
0.07070707070707072,95,1
0.07070707070707072,97,1
0.07070707070707072,98,2
0.07070707070707072,99,1
