Density,Travel Time,Frequency
0.686868686868687,0,910
0.686868686868687,80,4
0.686868686868687,83,1
0.686868686868687,86,6
0.686868686868687,87,5
0.686868686868687,88,1
0.686868686868687,89,5
0.686868686868687,90,4
0.686868686868687,91,4
0.686868686868687,92,7
0.686868686868687,93,5
0.686868686868687,94,12
0.686868686868687,95,5
0.686868686868687,96,8
0.686868686868687,97,5
0.686868686868687,98,7
0.686868686868687,99,7
0.686868686868687,100,4
