Density,Travel Time,Frequency
0.11111111111111112,0,984
0.11111111111111112,83,1
0.11111111111111112,84,1
0.11111111111111112,85,1
0.11111111111111112,87,1
0.11111111111111112,89,1
0.11111111111111112,90,1
0.11111111111111112,92,1
0.11111111111111112,93,1
0.11111111111111112,94,2
0.11111111111111112,95,1
0.11111111111111112,97,1
0.11111111111111112,98,1
0.11111111111111112,99,2
0.11111111111111112,100,1
