Density,Travel Time,Frequency
0.5050505050505051,0,980
0.5050505050505051,79,1
0.5050505050505051,80,1
0.5050505050505051,81,2
0.5050505050505051,82,1
0.5050505050505051,83,1
0.5050505050505051,84,1
0.5050505050505051,88,1
0.5050505050505051,89,2
0.5050505050505051,91,1
0.5050505050505051,92,1
0.5050505050505051,95,2
0.5050505050505051,96,1
0.5050505050505051,98,2
0.5050505050505051,99,2
0.5050505050505051,100,1
