Density,Travel Time,Frequency
0.18181818181818182,0,978
0.18181818181818182,3,1
0.18181818181818182,29,1
0.18181818181818182,84,2
0.18181818181818182,86,1
0.18181818181818182,87,2
0.18181818181818182,89,1
0.18181818181818182,90,1
0.18181818181818182,91,1
0.18181818181818182,92,1
0.18181818181818182,93,1
0.18181818181818182,94,1
0.18181818181818182,95,2
0.18181818181818182,96,1
0.18181818181818182,98,2
0.18181818181818182,99,1
0.18181818181818182,100,3
