Density,Travel Time,Frequency
0.24242424242424243,0,980
0.24242424242424243,81,1
0.24242424242424243,84,1
0.24242424242424243,85,1
0.24242424242424243,86,1
0.24242424242424243,87,1
0.24242424242424243,88,2
0.24242424242424243,89,2
0.24242424242424243,90,1
0.24242424242424243,91,2
0.24242424242424243,92,1
0.24242424242424243,95,1
0.24242424242424243,97,2
0.24242424242424243,98,1
0.24242424242424243,99,1
0.24242424242424243,100,2
