Density,Travel Time,Frequency
0.6464646464646465,0,980
0.6464646464646465,83,2
0.6464646464646465,84,1
0.6464646464646465,85,1
0.6464646464646465,87,2
0.6464646464646465,89,1
0.6464646464646465,90,2
0.6464646464646465,93,2
0.6464646464646465,95,1
0.6464646464646465,97,2
0.6464646464646465,98,2
0.6464646464646465,99,2
0.6464646464646465,100,2
