Density,Travel Time,Frequency
0.08080808080808081,0,980
0.08080808080808081,86,1
0.08080808080808081,87,2
0.08080808080808081,88,2
0.08080808080808081,89,2
0.08080808080808081,90,1
0.08080808080808081,92,1
0.08080808080808081,94,1
0.08080808080808081,95,1
0.08080808080808081,96,1
0.08080808080808081,97,2
0.08080808080808081,98,2
0.08080808080808081,99,2
0.08080808080808081,100,2
