Density,Travel Time,Frequency
0.23232323232323235,0,963
0.23232323232323235,84,2
0.23232323232323235,85,1
0.23232323232323235,87,2
0.23232323232323235,88,3
0.23232323232323235,89,3
0.23232323232323235,90,1
0.23232323232323235,91,3
0.23232323232323235,92,1
0.23232323232323235,93,1
0.23232323232323235,94,1
0.23232323232323235,95,2
0.23232323232323235,96,2
0.23232323232323235,97,1
0.23232323232323235,98,2
0.23232323232323235,99,9
0.23232323232323235,100,3
