Density,Travel Time,Frequency
0.09090909090909091,0,968
0.09090909090909091,83,1
0.09090909090909091,84,1
0.09090909090909091,86,1
0.09090909090909091,87,2
0.09090909090909091,89,1
0.09090909090909091,90,2
0.09090909090909091,91,1
0.09090909090909091,92,1
0.09090909090909091,93,1
0.09090909090909091,94,2
0.09090909090909091,95,2
0.09090909090909091,96,5
0.09090909090909091,97,2
0.09090909090909091,98,3
0.09090909090909091,99,4
0.09090909090909091,100,3
