Density,Travel Time,Frequency
0.16161616161616163,0,986
0.16161616161616163,57,2
0.16161616161616163,68,1
0.16161616161616163,69,1
0.16161616161616163,70,1
0.16161616161616163,74,1
0.16161616161616163,78,1
0.16161616161616163,82,1
0.16161616161616163,83,1
0.16161616161616163,85,1
0.16161616161616163,94,1
0.16161616161616163,97,1
0.16161616161616163,99,2
