Density,Travel Time,Frequency
0.18181818181818182,0,986
0.18181818181818182,87,1
0.18181818181818182,89,1
0.18181818181818182,91,1
0.18181818181818182,92,1
0.18181818181818182,93,1
0.18181818181818182,95,1
0.18181818181818182,96,1
0.18181818181818182,97,1
0.18181818181818182,98,2
0.18181818181818182,99,2
0.18181818181818182,100,2
