Density,Travel Time,Frequency
0.020202020202020204,0,990
0.020202020202020204,82,1
0.020202020202020204,86,1
0.020202020202020204,87,1
0.020202020202020204,89,1
0.020202020202020204,90,1
0.020202020202020204,91,1
0.020202020202020204,93,1
0.020202020202020204,95,1
0.020202020202020204,96,1
0.020202020202020204,99,1
