Density,Travel Time,Frequency
0.08080808080808081,0,961
0.08080808080808081,2,1
0.08080808080808081,3,1
0.08080808080808081,85,1
0.08080808080808081,86,1
0.08080808080808081,87,3
0.08080808080808081,88,3
0.08080808080808081,89,3
0.08080808080808081,90,1
0.08080808080808081,91,1
0.08080808080808081,92,3
0.08080808080808081,93,6
0.08080808080808081,95,2
0.08080808080808081,96,5
0.08080808080808081,98,3
0.08080808080808081,99,5
