Density,Travel Time,Frequency
0.9696969696969697,0,939
0.9696969696969697,83,1
0.9696969696969697,84,2
0.9696969696969697,85,2
0.9696969696969697,86,3
0.9696969696969697,87,3
0.9696969696969697,88,4
0.9696969696969697,90,4
0.9696969696969697,91,4
0.9696969696969697,92,3
0.9696969696969697,93,3
0.9696969696969697,94,2
0.9696969696969697,95,4
0.9696969696969697,96,1
0.9696969696969697,97,6
0.9696969696969697,98,9
0.9696969696969697,99,6
0.9696969696969697,100,4
