Density,Travel Time,Frequency
0.04040404040404041,0,995
0.04040404040404041,93,1
0.04040404040404041,94,1
0.04040404040404041,95,1
0.04040404040404041,99,1
0.04040404040404041,100,1
