Density,Travel Time,Frequency
0.13131313131313133,0,985
0.13131313131313133,75,1
0.13131313131313133,77,1
0.13131313131313133,81,1
0.13131313131313133,85,1
0.13131313131313133,86,1
0.13131313131313133,89,1
0.13131313131313133,92,2
0.13131313131313133,94,2
0.13131313131313133,95,1
0.13131313131313133,97,1
0.13131313131313133,98,2
0.13131313131313133,99,1
