Density,Travel Time,Frequency
0.27272727272727276,0,971
0.27272727272727276,2,1
0.27272727272727276,68,8
0.27272727272727276,84,1
0.27272727272727276,85,2
0.27272727272727276,86,1
0.27272727272727276,87,2
0.27272727272727276,88,1
0.27272727272727276,90,1
0.27272727272727276,92,2
0.27272727272727276,93,2
0.27272727272727276,94,2
0.27272727272727276,96,1
0.27272727272727276,98,2
0.27272727272727276,99,2
0.27272727272727276,100,1
