Density,Travel Time,Frequency
0.14141414141414144,0,993
0.14141414141414144,83,1
0.14141414141414144,86,1
0.14141414141414144,91,1
0.14141414141414144,92,1
0.14141414141414144,95,1
0.14141414141414144,98,2
