Density,Travel Time,Frequency
0.12121212121212122,0,982
0.12121212121212122,81,1
0.12121212121212122,83,1
0.12121212121212122,87,1
0.12121212121212122,88,1
0.12121212121212122,89,2
0.12121212121212122,90,1
0.12121212121212122,91,1
0.12121212121212122,92,1
0.12121212121212122,95,2
0.12121212121212122,96,1
0.12121212121212122,97,1
0.12121212121212122,98,2
0.12121212121212122,99,2
0.12121212121212122,100,1
