Density,Travel Time,Frequency
0.07070707070707072,0,990
0.07070707070707072,84,1
0.07070707070707072,88,1
0.07070707070707072,89,1
0.07070707070707072,90,1
0.07070707070707072,91,1
0.07070707070707072,95,1
0.07070707070707072,96,1
0.07070707070707072,98,1
0.07070707070707072,99,2
