Density,Travel Time,Frequency
0.10101010101010102,0,990
0.10101010101010102,80,1
0.10101010101010102,82,1
0.10101010101010102,87,1
0.10101010101010102,88,1
0.10101010101010102,89,1
0.10101010101010102,93,1
0.10101010101010102,94,1
0.10101010101010102,95,1
0.10101010101010102,97,1
0.10101010101010102,98,1
