Density,Travel Time,Frequency
0.06060606060606061,0,990
0.06060606060606061,79,1
0.06060606060606061,80,1
0.06060606060606061,82,1
0.06060606060606061,87,1
0.06060606060606061,89,1
0.06060606060606061,91,1
0.06060606060606061,95,1
0.06060606060606061,96,1
0.06060606060606061,99,2
