Density,Travel Time,Frequency
0.14141414141414144,0,972
0.14141414141414144,82,1
0.14141414141414144,84,2
0.14141414141414144,85,1
0.14141414141414144,86,1
0.14141414141414144,89,1
0.14141414141414144,90,3
0.14141414141414144,91,1
0.14141414141414144,92,2
0.14141414141414144,93,2
0.14141414141414144,94,1
0.14141414141414144,95,3
0.14141414141414144,96,1
0.14141414141414144,97,2
0.14141414141414144,98,2
0.14141414141414144,99,3
0.14141414141414144,100,2
