Density,Travel Time,Frequency
0.07070707070707072,0,990
0.07070707070707072,78,1
0.07070707070707072,79,1
0.07070707070707072,83,1
0.07070707070707072,84,1
0.07070707070707072,88,1
0.07070707070707072,89,1
0.07070707070707072,93,1
0.07070707070707072,97,1
0.07070707070707072,98,1
0.07070707070707072,100,1
