Density,Travel Time,Frequency
0.5757575757575758,0,971
0.5757575757575758,79,1
0.5757575757575758,81,1
0.5757575757575758,86,1
0.5757575757575758,87,1
0.5757575757575758,88,1
0.5757575757575758,91,1
0.5757575757575758,92,3
0.5757575757575758,93,1
0.5757575757575758,94,3
0.5757575757575758,95,3
0.5757575757575758,96,5
0.5757575757575758,98,4
0.5757575757575758,99,3
0.5757575757575758,100,1
