Density,Travel Time,Frequency
0.27272727272727276,0,989
0.27272727272727276,82,1
0.27272727272727276,83,1
0.27272727272727276,84,1
0.27272727272727276,86,1
0.27272727272727276,87,1
0.27272727272727276,88,1
0.27272727272727276,89,1
0.27272727272727276,92,1
0.27272727272727276,95,1
0.27272727272727276,99,2
