Density,Travel Time,Frequency
0.21212121212121213,0,969
0.21212121212121213,18,4
0.21212121212121213,20,1
0.21212121212121213,25,1
0.21212121212121213,83,1
0.21212121212121213,85,9
0.21212121212121213,87,1
0.21212121212121213,89,1
0.21212121212121213,90,1
0.21212121212121213,91,1
0.21212121212121213,92,1
0.21212121212121213,93,1
0.21212121212121213,96,2
0.21212121212121213,97,2
0.21212121212121213,98,2
0.21212121212121213,99,2
0.21212121212121213,100,1
