Density,Travel Time,Frequency
0.21212121212121213,0,976
0.21212121212121213,74,1
0.21212121212121213,80,1
0.21212121212121213,81,1
0.21212121212121213,82,1
0.21212121212121213,87,2
0.21212121212121213,89,2
0.21212121212121213,90,1
0.21212121212121213,91,1
0.21212121212121213,93,2
0.21212121212121213,94,6
0.21212121212121213,96,1
0.21212121212121213,97,1
0.21212121212121213,98,2
0.21212121212121213,99,1
0.21212121212121213,100,1
