Density,Travel Time,Frequency
0.12121212121212122,0,992
0.12121212121212122,88,1
0.12121212121212122,89,1
0.12121212121212122,90,1
0.12121212121212122,95,1
0.12121212121212122,96,1
0.12121212121212122,97,3
