Density,Travel Time,Frequency
0.393939393939394,0,971
0.393939393939394,80,1
0.393939393939394,81,1
0.393939393939394,83,1
0.393939393939394,84,2
0.393939393939394,85,1
0.393939393939394,86,1
0.393939393939394,89,2
0.393939393939394,91,2
0.393939393939394,92,3
0.393939393939394,93,1
0.393939393939394,94,1
0.393939393939394,95,3
0.393939393939394,96,2
0.393939393939394,97,3
0.393939393939394,98,3
0.393939393939394,100,2
