Density,Travel Time,Frequency
0.19191919191919193,0,993
0.19191919191919193,86,1
0.19191919191919193,90,1
0.19191919191919193,92,1
0.19191919191919193,95,1
0.19191919191919193,98,1
0.19191919191919193,99,2
