Density,Travel Time,Frequency
0.12121212121212122,0,987
0.12121212121212122,82,1
0.12121212121212122,85,1
0.12121212121212122,90,1
0.12121212121212122,91,1
0.12121212121212122,92,1
0.12121212121212122,93,1
0.12121212121212122,94,1
0.12121212121212122,96,1
0.12121212121212122,97,1
0.12121212121212122,98,2
0.12121212121212122,99,1
0.12121212121212122,100,1
