Density,Travel Time,Frequency
0.15151515151515152,0,996
0.15151515151515152,96,1
0.15151515151515152,98,1
0.15151515151515152,99,2
