Density,Travel Time,Frequency
0.26262626262626265,0,989
0.26262626262626265,88,1
0.26262626262626265,89,1
0.26262626262626265,91,1
0.26262626262626265,92,1
0.26262626262626265,93,1
0.26262626262626265,95,1
0.26262626262626265,96,1
0.26262626262626265,97,1
0.26262626262626265,98,1
0.26262626262626265,99,1
0.26262626262626265,100,1
