Density,Travel Time,Frequency
0.5555555555555556,0,987
0.5555555555555556,85,1
0.5555555555555556,87,1
0.5555555555555556,88,1
0.5555555555555556,89,1
0.5555555555555556,90,1
0.5555555555555556,91,2
0.5555555555555556,92,1
0.5555555555555556,94,1
0.5555555555555556,95,1
0.5555555555555556,97,2
0.5555555555555556,100,1
