Density,Travel Time,Frequency
0.4646464646464647,0,966
0.4646464646464647,71,1
0.4646464646464647,86,1
0.4646464646464647,87,1
0.4646464646464647,88,1
0.4646464646464647,89,2
0.4646464646464647,90,1
0.4646464646464647,91,1
0.4646464646464647,92,1
0.4646464646464647,93,2
0.4646464646464647,94,3
0.4646464646464647,95,1
0.4646464646464647,96,3
0.4646464646464647,97,2
0.4646464646464647,98,5
0.4646464646464647,99,5
0.4646464646464647,100,4
