Density,Travel Time,Frequency
0.29292929292929293,0,989
0.29292929292929293,81,1
0.29292929292929293,82,1
0.29292929292929293,86,1
0.29292929292929293,89,1
0.29292929292929293,90,1
0.29292929292929293,92,1
0.29292929292929293,94,1
0.29292929292929293,95,1
0.29292929292929293,97,1
0.29292929292929293,98,1
0.29292929292929293,100,1
