Density,Travel Time,Frequency
0.10101010101010102,0,990
0.10101010101010102,83,1
0.10101010101010102,86,1
0.10101010101010102,88,1
0.10101010101010102,89,1
0.10101010101010102,90,1
0.10101010101010102,91,1
0.10101010101010102,95,1
0.10101010101010102,97,1
0.10101010101010102,99,1
0.10101010101010102,100,1
