Density,Travel Time,Frequency
0.32323232323232326,0,978
0.32323232323232326,2,2
0.32323232323232326,4,3
0.32323232323232326,6,1
0.32323232323232326,7,1
0.32323232323232326,72,1
0.32323232323232326,77,1
0.32323232323232326,80,1
0.32323232323232326,81,1
0.32323232323232326,84,1
0.32323232323232326,86,1
0.32323232323232326,89,1
0.32323232323232326,90,1
0.32323232323232326,93,3
0.32323232323232326,96,1
0.32323232323232326,97,1
0.32323232323232326,99,2
