Density,Travel Time,Frequency
0.05050505050505051,0,998
0.05050505050505051,96,1
0.05050505050505051,100,1
