Density,Travel Time,Frequency
0.25252525252525254,0,993
0.25252525252525254,2,3
0.25252525252525254,4,1
0.25252525252525254,5,2
0.25252525252525254,7,1
