Density,Travel Time,Frequency
0.14141414141414144,0,990
0.14141414141414144,83,1
0.14141414141414144,85,1
0.14141414141414144,87,1
0.14141414141414144,91,1
0.14141414141414144,93,1
0.14141414141414144,96,1
0.14141414141414144,97,1
0.14141414141414144,98,3
