Density,Travel Time,Frequency
0.7474747474747475,0,945
0.7474747474747475,81,1
0.7474747474747475,83,1
0.7474747474747475,84,2
0.7474747474747475,87,3
0.7474747474747475,88,2
0.7474747474747475,89,4
0.7474747474747475,90,8
0.7474747474747475,91,4
0.7474747474747475,92,1
0.7474747474747475,93,6
0.7474747474747475,94,4
0.7474747474747475,95,3
0.7474747474747475,96,3
0.7474747474747475,97,3
0.7474747474747475,98,3
0.7474747474747475,99,4
0.7474747474747475,100,3
