Density,Travel Time,Frequency
0.7272727272727273,0,977
0.7272727272727273,72,1
0.7272727272727273,75,1
0.7272727272727273,86,1
0.7272727272727273,88,1
0.7272727272727273,90,1
0.7272727272727273,91,2
0.7272727272727273,92,1
0.7272727272727273,93,2
0.7272727272727273,94,2
0.7272727272727273,95,2
0.7272727272727273,96,2
0.7272727272727273,97,2
0.7272727272727273,98,4
0.7272727272727273,99,1
