Density,Travel Time,Frequency
0.5555555555555556,0,977
0.5555555555555556,54,1
0.5555555555555556,56,1
0.5555555555555556,73,9
0.5555555555555556,86,1
0.5555555555555556,88,1
0.5555555555555556,89,1
0.5555555555555556,91,1
0.5555555555555556,92,1
0.5555555555555556,94,1
0.5555555555555556,95,1
0.5555555555555556,96,1
0.5555555555555556,98,1
0.5555555555555556,99,3
