Density,Travel Time,Frequency
0.22222222222222224,0,991
0.22222222222222224,88,1
0.22222222222222224,89,1
0.22222222222222224,90,1
0.22222222222222224,91,1
0.22222222222222224,92,1
0.22222222222222224,93,1
0.22222222222222224,94,1
0.22222222222222224,95,1
0.22222222222222224,98,1
