Density,Travel Time,Frequency
0.42424242424242425,0,966
0.42424242424242425,69,1
0.42424242424242425,71,1
0.42424242424242425,84,1
0.42424242424242425,86,1
0.42424242424242425,88,1
0.42424242424242425,90,1
0.42424242424242425,91,1
0.42424242424242425,92,2
0.42424242424242425,93,2
0.42424242424242425,94,3
0.42424242424242425,95,3
0.42424242424242425,96,3
0.42424242424242425,97,6
0.42424242424242425,98,1
0.42424242424242425,99,4
0.42424242424242425,100,3
