Density,Travel Time,Frequency
0.08080808080808081,0,994
0.08080808080808081,93,1
0.08080808080808081,94,1
0.08080808080808081,95,1
0.08080808080808081,98,1
0.08080808080808081,99,1
0.08080808080808081,100,1
