Density,Travel Time,Frequency
0.11111111111111112,0,990
0.11111111111111112,84,1
0.11111111111111112,85,1
0.11111111111111112,86,1
0.11111111111111112,88,1
0.11111111111111112,89,1
0.11111111111111112,90,1
0.11111111111111112,92,1
0.11111111111111112,94,1
0.11111111111111112,96,1
0.11111111111111112,100,1
