Density,Travel Time,Frequency
0.030303030303030304,0,990
0.030303030303030304,90,1
0.030303030303030304,91,1
0.030303030303030304,92,1
0.030303030303030304,93,1
0.030303030303030304,94,1
0.030303030303030304,95,1
0.030303030303030304,96,1
0.030303030303030304,97,1
0.030303030303030304,98,1
0.030303030303030304,100,1
