Density,Travel Time,Frequency
0.05050505050505051,0,990
0.05050505050505051,81,1
0.05050505050505051,83,1
0.05050505050505051,86,1
0.05050505050505051,87,1
0.05050505050505051,89,1
0.05050505050505051,90,1
0.05050505050505051,93,1
0.05050505050505051,94,1
0.05050505050505051,95,1
0.05050505050505051,99,1
