Density,Travel Time,Frequency
0.37373737373737376,0,983
0.37373737373737376,79,1
0.37373737373737376,86,1
0.37373737373737376,88,1
0.37373737373737376,89,2
0.37373737373737376,90,1
0.37373737373737376,91,1
0.37373737373737376,92,1
0.37373737373737376,93,1
0.37373737373737376,94,1
0.37373737373737376,96,1
0.37373737373737376,97,1
0.37373737373737376,98,1
0.37373737373737376,99,3
0.37373737373737376,100,1
