Density,Travel Time,Frequency
0.595959595959596,0,980
0.595959595959596,74,1
0.595959595959596,75,1
0.595959595959596,78,2
0.595959595959596,84,1
0.595959595959596,86,1
0.595959595959596,87,1
0.595959595959596,88,1
0.595959595959596,89,2
0.595959595959596,90,1
0.595959595959596,91,2
0.595959595959596,92,1
0.595959595959596,94,2
0.595959595959596,96,1
0.595959595959596,97,1
0.595959595959596,99,1
0.595959595959596,100,1
