Density,Travel Time,Frequency
0.07070707070707072,0,985
0.07070707070707072,4980,1
0.07070707070707072,4982,1
0.07070707070707072,4985,1
0.07070707070707072,4987,1
0.07070707070707072,4988,1
0.07070707070707072,4989,1
0.07070707070707072,4990,1
0.07070707070707072,4992,1
0.07070707070707072,4994,1
0.07070707070707072,4995,2
0.07070707070707072,4997,1
0.07070707070707072,4999,1
0.07070707070707072,5000,2
