Density,Travel Time,Frequency
0.04040404040404041,0,990
0.04040404040404041,4984,1
0.04040404040404041,4986,1
0.04040404040404041,4988,1
0.04040404040404041,4989,1
0.04040404040404041,4990,1
0.04040404040404041,4993,1
0.04040404040404041,4995,1
0.04040404040404041,4998,1
0.04040404040404041,4999,1
0.04040404040404041,5000,1
