Density,Throughput
0.1,0.03
0.2,0.089
0.30000000000000004,0.105
0.4,0.08
0.5,0.128
0.6,0.038
0.7000000000000001,0.0
0.8,0.0
0.9,0.0
1.0,0.0
