Density,Throughput
0.1,0.048
0.2,0.094
0.30000000000000004,0.178
0.4,0.106
0.5,0.224
0.6,0.162
0.7000000000000001,0.2
0.8,0.212
0.9,0.14
1.0,0.23
