Density,Throughput
0.1,0.033
0.2,0.048
0.30000000000000004,0.094
0.4,0.084
0.5,0.174
0.6,0.047
0.7000000000000001,0.155
0.8,0.09
0.9,0.14
1.0,0.087
