Density,Throughput
0.1,0.031
0.2,0.07
0.30000000000000004,0.068
0.4,0.073
0.5,0.125
0.6,0.113
0.7000000000000001,0.185
0.8,0.058
0.9,0.187
1.0,0.15
