Density,Throughput
0.1,0.03
0.2,0.07
0.30000000000000004,0.08
0.4,0.114
0.5,0.114
0.6,0.075
0.7000000000000001,0.099
0.8,0.094
0.9,0.098
1.0,0.132
