Density,Throughput
0.1,0.024
0.2,0.049
0.30000000000000004,0.086
0.4,0.1
0.5,0.134
0.6,0.094
0.7000000000000001,0.148
0.8,0.09
0.9,0.147
1.0,0.126
