Density,Throughput
0.1,0.023
0.2,0.034
0.30000000000000004,0.095
0.4,0.046
0.5,0.129
0.6,0.086
0.7000000000000001,0.105
0.8,0.108
0.9,0.102
1.0,0.132
