Density,Throughput
0.1,0.049
0.2,0.052
0.30000000000000004,0.12
0.4,0.1
0.5,0.095
0.6,0.07
0.7000000000000001,0.153
0.8,0.14
0.9,0.113
1.0,0.115
