Density,Throughput
0.1,0.04
0.2,0.076
0.30000000000000004,0.095
0.4,0.062
0.5,0.092
0.6,0.084
0.7000000000000001,0.111
0.8,0.155
0.9,0.123
1.0,0.138
