Density,Throughput
0.1,0.022
0.2,0.146
0.30000000000000004,0.142
0.4,0.154
0.5,0.166
0.6,0.19
0.7000000000000001,0.21
0.8,0.23
0.9,0.256
1.0,0.162
