Density,Throughput
0.1,0.036
0.2,0.094
0.30000000000000004,0.172
0.4,0.112
0.5,0.196
0.6,0.148
0.7000000000000001,0.23
0.8,0.118
0.9,0.29
1.0,0.136
