Density,Travel Time,Frequency
0.05050505050505051,0,987
0.05050505050505051,4989,1
0.05050505050505051,4990,1
0.05050505050505051,4991,1
0.05050505050505051,4992,1
0.05050505050505051,4993,1
0.05050505050505051,4994,1
0.05050505050505051,4995,1
0.05050505050505051,4996,1
0.05050505050505051,4998,2
0.05050505050505051,4999,2
0.05050505050505051,5000,1
