Density,Travel Time,Frequency
0.06060606060606061,0,977
0.06060606060606061,81,1
0.06060606060606061,82,1
0.06060606060606061,84,1
0.06060606060606061,85,1
0.06060606060606061,86,1
0.06060606060606061,88,2
0.06060606060606061,89,2
0.06060606060606061,90,2
0.06060606060606061,91,1
0.06060606060606061,92,3
0.06060606060606061,93,1
0.06060606060606061,94,1
0.06060606060606061,95,2
0.06060606060606061,97,2
0.06060606060606061,99,1
0.06060606060606061,100,1
