Density,Travel Time,Frequency
0.08080808080808081,0,987
0.08080808080808081,85,1
0.08080808080808081,88,1
0.08080808080808081,89,1
0.08080808080808081,90,2
0.08080808080808081,92,1
0.08080808080808081,93,1
0.08080808080808081,94,1
0.08080808080808081,95,1
0.08080808080808081,96,2
0.08080808080808081,99,2
