Density,Travel Time,Frequency
0.19191919191919193,0,993
0.19191919191919193,85,1
0.19191919191919193,89,1
0.19191919191919193,91,1
0.19191919191919193,93,1
0.19191919191919193,96,1
0.19191919191919193,97,1
0.19191919191919193,100,1
