Density,Travel Time,Frequency
0.08080808080808081,0,978
0.08080808080808081,79,1
0.08080808080808081,80,1
0.08080808080808081,82,1
0.08080808080808081,85,1
0.08080808080808081,86,1
0.08080808080808081,87,1
0.08080808080808081,88,1
0.08080808080808081,89,1
0.08080808080808081,91,2
0.08080808080808081,92,1
0.08080808080808081,93,2
0.08080808080808081,95,2
0.08080808080808081,96,1
0.08080808080808081,97,2
0.08080808080808081,98,2
0.08080808080808081,100,2
