Density,Travel Time,Frequency
0.09090909090909091,0,972
0.09090909090909091,85,1
0.09090909090909091,87,2
0.09090909090909091,88,2
0.09090909090909091,89,3
0.09090909090909091,90,2
0.09090909090909091,91,2
0.09090909090909091,92,3
0.09090909090909091,93,1
0.09090909090909091,94,2
0.09090909090909091,95,3
0.09090909090909091,96,2
0.09090909090909091,97,1
0.09090909090909091,98,1
0.09090909090909091,99,2
0.09090909090909091,100,1
