Density,Travel Time,Frequency
0.3434343434343435,0,971
0.3434343434343435,76,1
0.3434343434343435,78,1
0.3434343434343435,79,1
0.3434343434343435,80,2
0.3434343434343435,81,1
0.3434343434343435,82,1
0.3434343434343435,83,3
0.3434343434343435,86,1
0.3434343434343435,89,2
0.3434343434343435,90,1
0.3434343434343435,91,2
0.3434343434343435,92,3
0.3434343434343435,94,2
0.3434343434343435,96,3
0.3434343434343435,98,2
0.3434343434343435,99,2
0.3434343434343435,100,1
