Density,Travel Time,Frequency
0.04040404040404041,0,990
0.04040404040404041,77,1
0.04040404040404041,78,1
0.04040404040404041,86,1
0.04040404040404041,88,1
0.04040404040404041,90,1
0.04040404040404041,92,1
0.04040404040404041,93,1
0.04040404040404041,95,1
0.04040404040404041,97,1
0.04040404040404041,99,1
