Density,Travel Time,Frequency
0.5454545454545455,0,980
0.5454545454545455,85,1
0.5454545454545455,86,1
0.5454545454545455,87,1
0.5454545454545455,88,2
0.5454545454545455,89,2
0.5454545454545455,90,2
0.5454545454545455,91,1
0.5454545454545455,92,2
0.5454545454545455,93,1
0.5454545454545455,94,2
0.5454545454545455,95,2
0.5454545454545455,98,1
0.5454545454545455,99,2
