Density,Travel Time,Frequency
0.30303030303030304,0,993
0.30303030303030304,88,1
0.30303030303030304,89,1
0.30303030303030304,94,1
0.30303030303030304,95,1
0.30303030303030304,96,1
0.30303030303030304,99,2
