Density,Travel Time,Frequency
0.2828282828282829,0,980
0.2828282828282829,84,2
0.2828282828282829,86,1
0.2828282828282829,87,2
0.2828282828282829,88,1
0.2828282828282829,90,2
0.2828282828282829,91,2
0.2828282828282829,93,1
0.2828282828282829,94,1
0.2828282828282829,95,2
0.2828282828282829,97,2
0.2828282828282829,99,4
