Density,Travel Time,Frequency
0.17171717171717174,0,987
0.17171717171717174,83,1
0.17171717171717174,84,1
0.17171717171717174,85,1
0.17171717171717174,86,1
0.17171717171717174,89,1
0.17171717171717174,91,1
0.17171717171717174,93,1
0.17171717171717174,96,1
0.17171717171717174,98,1
0.17171717171717174,99,3
0.17171717171717174,100,1
