Density,Travel Time,Frequency
0.3434343434343435,0,990
0.3434343434343435,88,1
0.3434343434343435,89,1
0.3434343434343435,90,1
0.3434343434343435,91,1
0.3434343434343435,92,1
0.3434343434343435,93,1
0.3434343434343435,96,1
0.3434343434343435,97,1
0.3434343434343435,98,1
0.3434343434343435,100,1
