Density,Travel Time,Frequency
0.10101010101010102,0,984
0.10101010101010102,75,1
0.10101010101010102,76,1
0.10101010101010102,78,1
0.10101010101010102,83,1
0.10101010101010102,84,1
0.10101010101010102,85,1
0.10101010101010102,87,2
0.10101010101010102,89,1
0.10101010101010102,91,1
0.10101010101010102,92,1
0.10101010101010102,93,2
0.10101010101010102,95,1
0.10101010101010102,99,2
