Density,Travel Time,Frequency
0.4747474747474748,0,994
0.4747474747474748,92,1
0.4747474747474748,93,1
0.4747474747474748,97,1
0.4747474747474748,98,1
0.4747474747474748,99,2
