Density,Travel Time,Frequency
0.04040404040404041,0,999
0.04040404040404041,99,1
