Density,Travel Time,Frequency
0.20202020202020204,0,981
0.20202020202020204,81,1
0.20202020202020204,83,1
0.20202020202020204,86,1
0.20202020202020204,88,2
0.20202020202020204,89,2
0.20202020202020204,90,2
0.20202020202020204,91,1
0.20202020202020204,93,2
0.20202020202020204,94,1
0.20202020202020204,95,1
0.20202020202020204,96,1
0.20202020202020204,98,2
0.20202020202020204,99,2
