Density,Travel Time,Frequency
0.4141414141414142,0,974
0.4141414141414142,79,1
0.4141414141414142,82,2
0.4141414141414142,84,2
0.4141414141414142,85,1
0.4141414141414142,86,3
0.4141414141414142,88,2
0.4141414141414142,89,2
0.4141414141414142,90,1
0.4141414141414142,91,1
0.4141414141414142,92,1
0.4141414141414142,93,2
0.4141414141414142,95,1
0.4141414141414142,96,2
0.4141414141414142,97,1
0.4141414141414142,98,1
0.4141414141414142,99,2
0.4141414141414142,100,1
