Density,Travel Time,Frequency
0.26262626262626265,0,949
0.26262626262626265,83,1
0.26262626262626265,87,1
0.26262626262626265,88,1
0.26262626262626265,89,2
0.26262626262626265,90,3
0.26262626262626265,91,2
0.26262626262626265,92,3
0.26262626262626265,93,3
0.26262626262626265,94,3
0.26262626262626265,95,4
0.26262626262626265,96,9
0.26262626262626265,97,3
0.26262626262626265,98,6
0.26262626262626265,99,5
0.26262626262626265,100,5
