Density,Travel Time,Frequency
0.5252525252525253,0,967
0.5252525252525253,81,1
0.5252525252525253,82,1
0.5252525252525253,83,1
0.5252525252525253,84,1
0.5252525252525253,85,1
0.5252525252525253,88,1
0.5252525252525253,90,1
0.5252525252525253,91,2
0.5252525252525253,92,2
0.5252525252525253,93,2
0.5252525252525253,94,1
0.5252525252525253,95,3
0.5252525252525253,96,1
0.5252525252525253,97,3
0.5252525252525253,98,3
0.5252525252525253,99,4
0.5252525252525253,100,5
