Density,Travel Time,Frequency
0.27272727272727276,0,982
0.27272727272727276,87,1
0.27272727272727276,88,2
0.27272727272727276,89,2
0.27272727272727276,90,1
0.27272727272727276,91,2
0.27272727272727276,92,1
0.27272727272727276,94,1
0.27272727272727276,95,1
0.27272727272727276,97,2
0.27272727272727276,98,2
0.27272727272727276,99,3
