Density,Travel Time,Frequency
0.2828282828282829,0,981
0.2828282828282829,88,1
0.2828282828282829,89,1
0.2828282828282829,91,1
0.2828282828282829,92,1
0.2828282828282829,93,1
0.2828282828282829,94,2
0.2828282828282829,95,1
0.2828282828282829,96,2
0.2828282828282829,97,2
0.2828282828282829,98,5
0.2828282828282829,99,1
0.2828282828282829,100,1
