Density,Travel Time,Frequency
0.12121212121212122,0,993
0.12121212121212122,88,1
0.12121212121212122,92,1
0.12121212121212122,93,1
0.12121212121212122,94,1
0.12121212121212122,97,1
0.12121212121212122,98,1
0.12121212121212122,100,1
