Density,Travel Time,Frequency
0.27272727272727276,0,986
0.27272727272727276,84,1
0.27272727272727276,85,1
0.27272727272727276,87,1
0.27272727272727276,88,1
0.27272727272727276,89,1
0.27272727272727276,92,1
0.27272727272727276,94,1
0.27272727272727276,96,1
0.27272727272727276,97,2
0.27272727272727276,98,1
0.27272727272727276,99,2
0.27272727272727276,100,1
