Density,Travel Time,Frequency
0.595959595959596,0,973
0.595959595959596,82,1
0.595959595959596,83,1
0.595959595959596,84,1
0.595959595959596,85,1
0.595959595959596,86,2
0.595959595959596,87,1
0.595959595959596,88,1
0.595959595959596,89,1
0.595959595959596,90,3
0.595959595959596,91,1
0.595959595959596,93,1
0.595959595959596,94,3
0.595959595959596,95,1
0.595959595959596,96,1
0.595959595959596,98,2
0.595959595959596,99,5
0.595959595959596,100,1
