Density,Travel Time,Frequency
0.04040404040404041,0,980
0.04040404040404041,84,1
0.04040404040404041,87,1
0.04040404040404041,88,1
0.04040404040404041,89,2
0.04040404040404041,91,1
0.04040404040404041,92,2
0.04040404040404041,93,1
0.04040404040404041,94,1
0.04040404040404041,95,2
0.04040404040404041,96,2
0.04040404040404041,97,2
0.04040404040404041,98,1
0.04040404040404041,99,1
0.04040404040404041,100,2
