Density,Travel Time,Frequency
0.030303030303030304,0,993
0.030303030303030304,84,1
0.030303030303030304,87,1
0.030303030303030304,88,1
0.030303030303030304,95,1
0.030303030303030304,96,1
0.030303030303030304,99,2
