Density,Travel Time,Frequency
0.15151515151515152,0,990
0.15151515151515152,81,1
0.15151515151515152,82,1
0.15151515151515152,88,1
0.15151515151515152,89,1
0.15151515151515152,93,1
0.15151515151515152,94,1
0.15151515151515152,95,1
0.15151515151515152,97,1
0.15151515151515152,98,1
0.15151515151515152,100,1
