Density,Travel Time,Frequency
0.23232323232323235,0,976
0.23232323232323235,80,1
0.23232323232323235,81,2
0.23232323232323235,82,1
0.23232323232323235,83,1
0.23232323232323235,84,2
0.23232323232323235,87,1
0.23232323232323235,88,1
0.23232323232323235,90,2
0.23232323232323235,92,1
0.23232323232323235,93,2
0.23232323232323235,94,2
0.23232323232323235,95,3
0.23232323232323235,96,1
0.23232323232323235,98,1
0.23232323232323235,99,2
0.23232323232323235,100,1
