Density,Travel Time,Frequency
0.4444444444444445,0,978
0.4444444444444445,82,1
0.4444444444444445,88,1
0.4444444444444445,89,1
0.4444444444444445,90,1
0.4444444444444445,91,2
0.4444444444444445,92,1
0.4444444444444445,93,2
0.4444444444444445,94,1
0.4444444444444445,95,2
0.4444444444444445,96,2
0.4444444444444445,97,3
0.4444444444444445,99,3
0.4444444444444445,100,2
