Density,Travel Time,Frequency
0.09090909090909091,0,988
0.09090909090909091,84,1
0.09090909090909091,87,1
0.09090909090909091,88,1
0.09090909090909091,89,1
0.09090909090909091,91,1
0.09090909090909091,93,1
0.09090909090909091,96,1
0.09090909090909091,97,2
0.09090909090909091,99,2
0.09090909090909091,100,1
