Density,Travel Time,Frequency
0.393939393939394,0,971
0.393939393939394,6,9
0.393939393939394,23,1
0.393939393939394,24,1
0.393939393939394,25,1
0.393939393939394,26,1
0.393939393939394,27,1
0.393939393939394,28,1
0.393939393939394,29,1
0.393939393939394,30,2
0.393939393939394,31,1
0.393939393939394,32,2
0.393939393939394,33,1
0.393939393939394,35,1
0.393939393939394,36,1
0.393939393939394,98,3
0.393939393939394,99,2
