Density,Travel Time,Frequency
0.20202020202020204,0,965
0.20202020202020204,84,1
0.20202020202020204,85,3
0.20202020202020204,86,1
0.20202020202020204,87,1
0.20202020202020204,88,2
0.20202020202020204,89,2
0.20202020202020204,90,1
0.20202020202020204,91,3
0.20202020202020204,93,2
0.20202020202020204,94,3
0.20202020202020204,95,5
0.20202020202020204,96,1
0.20202020202020204,97,2
0.20202020202020204,98,5
0.20202020202020204,99,2
0.20202020202020204,100,1
