Density,Travel Time,Frequency
0.07070707070707072,0,986
0.07070707070707072,84,1
0.07070707070707072,85,1
0.07070707070707072,87,1
0.07070707070707072,88,1
0.07070707070707072,92,2
0.07070707070707072,93,1
0.07070707070707072,95,1
0.07070707070707072,96,2
0.07070707070707072,97,1
0.07070707070707072,98,2
0.07070707070707072,100,1
