Density,Travel Time,Frequency
0.06060606060606061,0,980
0.06060606060606061,72,1
0.06060606060606061,77,1
0.06060606060606061,79,1
0.06060606060606061,81,1
0.06060606060606061,84,1
0.06060606060606061,85,2
0.06060606060606061,86,1
0.06060606060606061,89,1
0.06060606060606061,90,2
0.06060606060606061,91,1
0.06060606060606061,95,2
0.06060606060606061,96,1
0.06060606060606061,97,1
0.06060606060606061,98,1
0.06060606060606061,99,3
