Density,Travel Time,Frequency
0.10101010101010102,0,974
0.10101010101010102,77,1
0.10101010101010102,78,1
0.10101010101010102,82,1
0.10101010101010102,83,2
0.10101010101010102,84,1
0.10101010101010102,86,1
0.10101010101010102,87,2
0.10101010101010102,89,1
0.10101010101010102,90,2
0.10101010101010102,91,1
0.10101010101010102,92,2
0.10101010101010102,95,3
0.10101010101010102,98,2
0.10101010101010102,99,4
0.10101010101010102,100,2
