Density,Travel Time,Frequency
0.12121212121212122,0,973
0.12121212121212122,73,1
0.12121212121212122,77,1
0.12121212121212122,83,1
0.12121212121212122,85,2
0.12121212121212122,86,3
0.12121212121212122,87,3
0.12121212121212122,88,2
0.12121212121212122,90,1
0.12121212121212122,92,2
0.12121212121212122,93,1
0.12121212121212122,94,1
0.12121212121212122,96,2
0.12121212121212122,97,2
0.12121212121212122,98,1
0.12121212121212122,99,3
0.12121212121212122,100,1
