Density,Travel Time,Frequency
0.15151515151515152,0,990
0.15151515151515152,87,1
0.15151515151515152,88,1
0.15151515151515152,89,1
0.15151515151515152,91,1
0.15151515151515152,92,1
0.15151515151515152,93,1
0.15151515151515152,94,1
0.15151515151515152,96,1
0.15151515151515152,99,1
0.15151515151515152,100,1
