Density,Travel Time,Frequency
0.10101010101010102,0,987
0.10101010101010102,85,1
0.10101010101010102,86,1
0.10101010101010102,87,1
0.10101010101010102,89,1
0.10101010101010102,91,1
0.10101010101010102,94,1
0.10101010101010102,95,1
0.10101010101010102,96,2
0.10101010101010102,97,2
0.10101010101010102,99,1
0.10101010101010102,100,1
