Density,Travel Time,Frequency
0.030303030303030304,0,990
0.030303030303030304,77,1
0.030303030303030304,80,1
0.030303030303030304,81,1
0.030303030303030304,83,1
0.030303030303030304,85,1
0.030303030303030304,87,1
0.030303030303030304,94,1
0.030303030303030304,96,1
0.030303030303030304,97,1
0.030303030303030304,100,1
