Density,Travel Time,Frequency
0.13131313131313133,0,982
0.13131313131313133,72,1
0.13131313131313133,89,1
0.13131313131313133,90,1
0.13131313131313133,91,1
0.13131313131313133,92,1
0.13131313131313133,93,1
0.13131313131313133,94,1
0.13131313131313133,95,2
0.13131313131313133,96,1
0.13131313131313133,97,2
0.13131313131313133,98,3
0.13131313131313133,99,2
0.13131313131313133,100,1
