Density,Travel Time,Frequency
0.6060606060606061,0,980
0.6060606060606061,83,1
0.6060606060606061,84,2
0.6060606060606061,85,2
0.6060606060606061,86,1
0.6060606060606061,87,1
0.6060606060606061,88,1
0.6060606060606061,89,1
0.6060606060606061,90,1
0.6060606060606061,91,1
0.6060606060606061,92,2
0.6060606060606061,93,1
0.6060606060606061,95,1
0.6060606060606061,96,1
0.6060606060606061,99,3
0.6060606060606061,100,1
