Density,Travel Time,Frequency
0.06060606060606061,0,990
0.06060606060606061,80,1
0.06060606060606061,85,1
0.06060606060606061,86,1
0.06060606060606061,88,1
0.06060606060606061,91,1
0.06060606060606061,93,1
0.06060606060606061,94,1
0.06060606060606061,96,1
0.06060606060606061,98,1
0.06060606060606061,99,1
