Density,Travel Time,Frequency
0.24242424242424243,0,973
0.24242424242424243,83,1
0.24242424242424243,84,1
0.24242424242424243,85,1
0.24242424242424243,86,2
0.24242424242424243,87,1
0.24242424242424243,88,2
0.24242424242424243,89,2
0.24242424242424243,90,2
0.24242424242424243,91,2
0.24242424242424243,93,2
0.24242424242424243,94,1
0.24242424242424243,95,2
0.24242424242424243,97,2
0.24242424242424243,98,2
0.24242424242424243,99,1
0.24242424242424243,100,3
