Density,Travel Time,Frequency
0.14141414141414144,0,977
0.14141414141414144,76,1
0.14141414141414144,77,1
0.14141414141414144,80,2
0.14141414141414144,81,2
0.14141414141414144,82,1
0.14141414141414144,83,2
0.14141414141414144,85,1
0.14141414141414144,88,1
0.14141414141414144,90,1
0.14141414141414144,91,1
0.14141414141414144,92,2
0.14141414141414144,96,1
0.14141414141414144,97,2
0.14141414141414144,99,3
0.14141414141414144,100,2
