Density,Travel Time,Frequency
0.8383838383838385,0,946
0.8383838383838385,78,1
0.8383838383838385,83,1
0.8383838383838385,85,1
0.8383838383838385,87,1
0.8383838383838385,88,2
0.8383838383838385,89,1
0.8383838383838385,90,7
0.8383838383838385,91,3
0.8383838383838385,92,6
0.8383838383838385,93,1
0.8383838383838385,94,3
0.8383838383838385,95,8
0.8383838383838385,96,4
0.8383838383838385,97,3
0.8383838383838385,98,5
0.8383838383838385,99,4
0.8383838383838385,100,3
