Density,Travel Time,Frequency
0.6666666666666667,0,982
0.6666666666666667,30,7
0.6666666666666667,31,1
0.6666666666666667,33,1
0.6666666666666667,35,1
0.6666666666666667,38,1
0.6666666666666667,42,1
0.6666666666666667,45,1
0.6666666666666667,88,1
0.6666666666666667,95,1
0.6666666666666667,98,1
0.6666666666666667,100,2
