Density,Travel Time,Frequency
0.13131313131313133,0,999
0.13131313131313133,100,1
