Density,Travel Time,Frequency
0.22222222222222224,0,982
0.22222222222222224,78,1
0.22222222222222224,79,1
0.22222222222222224,80,1
0.22222222222222224,84,1
0.22222222222222224,87,2
0.22222222222222224,88,1
0.22222222222222224,89,2
0.22222222222222224,90,1
0.22222222222222224,91,1
0.22222222222222224,92,1
0.22222222222222224,95,1
0.22222222222222224,97,2
0.22222222222222224,98,1
0.22222222222222224,99,1
0.22222222222222224,100,1
