Density,Travel Time,Frequency
0.16161616161616163,0,980
0.16161616161616163,78,1
0.16161616161616163,79,1
0.16161616161616163,80,1
0.16161616161616163,81,1
0.16161616161616163,83,1
0.16161616161616163,85,2
0.16161616161616163,90,1
0.16161616161616163,91,1
0.16161616161616163,92,1
0.16161616161616163,93,2
0.16161616161616163,95,1
0.16161616161616163,96,1
0.16161616161616163,97,2
0.16161616161616163,98,4
