Density,Travel Time,Frequency
0.06060606060606061,0,982
0.06060606060606061,80,1
0.06060606060606061,81,1
0.06060606060606061,83,1
0.06060606060606061,84,1
0.06060606060606061,85,1
0.06060606060606061,88,1
0.06060606060606061,89,1
0.06060606060606061,91,2
0.06060606060606061,92,1
0.06060606060606061,93,2
0.06060606060606061,95,1
0.06060606060606061,96,1
0.06060606060606061,97,1
0.06060606060606061,99,2
0.06060606060606061,100,1
