Density,Travel Time,Frequency
0.13131313131313133,0,980
0.13131313131313133,85,1
0.13131313131313133,86,1
0.13131313131313133,87,1
0.13131313131313133,88,1
0.13131313131313133,89,1
0.13131313131313133,90,1
0.13131313131313133,91,1
0.13131313131313133,92,2
0.13131313131313133,93,1
0.13131313131313133,94,1
0.13131313131313133,95,1
0.13131313131313133,96,2
0.13131313131313133,97,2
0.13131313131313133,98,1
0.13131313131313133,99,2
0.13131313131313133,100,1
