Density,Travel Time,Frequency
0.030303030303030304,0,990
0.030303030303030304,85,1
0.030303030303030304,86,1
0.030303030303030304,87,1
0.030303030303030304,88,1
0.030303030303030304,89,1
0.030303030303030304,90,1
0.030303030303030304,93,1
0.030303030303030304,95,1
0.030303030303030304,98,1
0.030303030303030304,99,1
