Density,Travel Time,Frequency
0.08080808080808081,0,990
0.08080808080808081,79,1
0.08080808080808081,80,1
0.08080808080808081,81,1
0.08080808080808081,84,1
0.08080808080808081,85,1
0.08080808080808081,86,1
0.08080808080808081,90,1
0.08080808080808081,94,1
0.08080808080808081,97,1
0.08080808080808081,98,1
