Density,Travel Time,Frequency
0.09090909090909091,0,993
0.09090909090909091,2,1
0.09090909090909091,94,1
0.09090909090909091,95,1
0.09090909090909091,96,1
0.09090909090909091,98,1
0.09090909090909091,99,1
0.09090909090909091,100,1
