Density,Travel Time,Frequency
0.07070707070707072,0,990
0.07070707070707072,72,1
0.07070707070707072,73,1
0.07070707070707072,78,1
0.07070707070707072,82,1
0.07070707070707072,83,1
0.07070707070707072,85,1
0.07070707070707072,87,1
0.07070707070707072,93,1
0.07070707070707072,97,2
