Density,Travel Time,Frequency
0.11111111111111112,0,995
0.11111111111111112,2,1
0.11111111111111112,3,1
0.11111111111111112,4,1
0.11111111111111112,6,2
