Density,Travel Time,Frequency
0.5050505050505051,0,963
0.5050505050505051,81,1
0.5050505050505051,83,1
0.5050505050505051,84,1
0.5050505050505051,86,1
0.5050505050505051,88,2
0.5050505050505051,89,2
0.5050505050505051,90,2
0.5050505050505051,91,1
0.5050505050505051,92,3
0.5050505050505051,93,1
0.5050505050505051,94,7
0.5050505050505051,96,5
0.5050505050505051,97,1
0.5050505050505051,98,4
0.5050505050505051,99,2
0.5050505050505051,100,3
