Density,Travel Time,Frequency
0.020202020202020204,0,990
0.020202020202020204,83,1
0.020202020202020204,84,1
0.020202020202020204,85,1
0.020202020202020204,86,1
0.020202020202020204,88,1
0.020202020202020204,89,1
0.020202020202020204,91,1
0.020202020202020204,95,1
0.020202020202020204,97,1
0.020202020202020204,98,1
