Density,Travel Time,Frequency
0.08080808080808081,0,984
0.08080808080808081,60,1
0.08080808080808081,86,1
0.08080808080808081,87,1
0.08080808080808081,88,1
0.08080808080808081,90,1
0.08080808080808081,92,1
0.08080808080808081,93,1
0.08080808080808081,95,1
0.08080808080808081,96,1
0.08080808080808081,98,3
0.08080808080808081,99,3
0.08080808080808081,100,1
