Density,Travel Time,Frequency
0.7272727272727273,0,949
0.7272727272727273,8,4
0.7272727272727273,10,1
0.7272727272727273,11,2
0.7272727272727273,84,1
0.7272727272727273,86,2
0.7272727272727273,89,2
0.7272727272727273,90,1
0.7272727272727273,91,1
0.7272727272727273,92,3
0.7272727272727273,93,5
0.7272727272727273,94,3
0.7272727272727273,95,4
0.7272727272727273,96,7
0.7272727272727273,97,1
0.7272727272727273,98,4
0.7272727272727273,99,6
0.7272727272727273,100,4
