Density,Travel Time,Frequency
0.09090909090909091,0,974
0.09090909090909091,34,1
0.09090909090909091,85,1
0.09090909090909091,86,1
0.09090909090909091,87,9
0.09090909090909091,89,1
0.09090909090909091,90,1
0.09090909090909091,91,2
0.09090909090909091,92,2
0.09090909090909091,94,1
0.09090909090909091,95,1
0.09090909090909091,97,1
0.09090909090909091,98,1
0.09090909090909091,99,3
0.09090909090909091,100,1
