Density,Travel Time,Frequency
0.11111111111111112,0,978
0.11111111111111112,78,1
0.11111111111111112,79,1
0.11111111111111112,84,1
0.11111111111111112,85,1
0.11111111111111112,86,1
0.11111111111111112,87,1
0.11111111111111112,90,2
0.11111111111111112,91,1
0.11111111111111112,92,2
0.11111111111111112,93,2
0.11111111111111112,94,2
0.11111111111111112,95,1
0.11111111111111112,96,1
0.11111111111111112,97,3
0.11111111111111112,99,2
