Density,Travel Time,Frequency
0.696969696969697,0,967
0.696969696969697,81,1
0.696969696969697,82,1
0.696969696969697,84,1
0.696969696969697,87,1
0.696969696969697,88,1
0.696969696969697,89,2
0.696969696969697,90,2
0.696969696969697,91,3
0.696969696969697,92,1
0.696969696969697,93,1
0.696969696969697,94,3
0.696969696969697,95,2
0.696969696969697,96,3
0.696969696969697,97,3
0.696969696969697,98,2
0.696969696969697,99,3
0.696969696969697,100,3
