Density,Travel Time,Frequency
0.4444444444444445,0,957
0.4444444444444445,82,1
0.4444444444444445,85,1
0.4444444444444445,87,1
0.4444444444444445,88,2
0.4444444444444445,89,1
0.4444444444444445,90,2
0.4444444444444445,91,3
0.4444444444444445,92,2
0.4444444444444445,93,3
0.4444444444444445,94,3
0.4444444444444445,95,2
0.4444444444444445,96,5
0.4444444444444445,97,4
0.4444444444444445,98,4
0.4444444444444445,99,3
0.4444444444444445,100,6
