Density,Travel Time,Frequency
0.3434343434343435,0,975
0.3434343434343435,2,1
0.3434343434343435,3,1
0.3434343434343435,4,1
0.3434343434343435,6,3
0.3434343434343435,8,1
0.3434343434343435,90,2
0.3434343434343435,92,1
0.3434343434343435,93,2
0.3434343434343435,94,2
0.3434343434343435,95,3
0.3434343434343435,96,1
0.3434343434343435,97,1
0.3434343434343435,98,3
0.3434343434343435,99,1
0.3434343434343435,100,2
