Density,Travel Time,Frequency
0.05050505050505051,0,968
0.05050505050505051,86,2
0.05050505050505051,87,2
0.05050505050505051,89,2
0.05050505050505051,90,1
0.05050505050505051,91,8
0.05050505050505051,92,1
0.05050505050505051,93,5
0.05050505050505051,95,1
0.05050505050505051,96,2
0.05050505050505051,97,2
0.05050505050505051,98,2
0.05050505050505051,99,4
