Density,Travel Time,Frequency
0.21212121212121213,0,964
0.21212121212121213,82,1
0.21212121212121213,84,1
0.21212121212121213,86,1
0.21212121212121213,87,1
0.21212121212121213,90,2
0.21212121212121213,91,2
0.21212121212121213,92,2
0.21212121212121213,93,4
0.21212121212121213,95,4
0.21212121212121213,96,1
0.21212121212121213,97,3
0.21212121212121213,98,5
0.21212121212121213,99,4
0.21212121212121213,100,5
