Density,Travel Time,Frequency
0.16161616161616163,0,977
0.16161616161616163,83,1
0.16161616161616163,84,1
0.16161616161616163,85,1
0.16161616161616163,86,1
0.16161616161616163,88,1
0.16161616161616163,89,2
0.16161616161616163,91,2
0.16161616161616163,92,2
0.16161616161616163,93,2
0.16161616161616163,94,1
0.16161616161616163,95,1
0.16161616161616163,96,1
0.16161616161616163,97,2
0.16161616161616163,98,1
0.16161616161616163,99,3
0.16161616161616163,100,1
