Density,Travel Time,Frequency
0.04040404040404041,0,992
0.04040404040404041,90,1
0.04040404040404041,91,1
0.04040404040404041,94,1
0.04040404040404041,95,2
0.04040404040404041,97,2
0.04040404040404041,100,1
