Density,Travel Time,Frequency
0.3535353535353536,0,983
0.3535353535353536,86,1
0.3535353535353536,87,1
0.3535353535353536,88,1
0.3535353535353536,90,1
0.3535353535353536,92,1
0.3535353535353536,93,1
0.3535353535353536,94,2
0.3535353535353536,95,1
0.3535353535353536,96,2
0.3535353535353536,97,1
0.3535353535353536,98,1
0.3535353535353536,99,2
0.3535353535353536,100,2
