Density,Travel Time,Frequency
0.21212121212121213,0,971
0.21212121212121213,79,1
0.21212121212121213,85,2
0.21212121212121213,86,2
0.21212121212121213,87,2
0.21212121212121213,90,1
0.21212121212121213,91,1
0.21212121212121213,92,1
0.21212121212121213,93,2
0.21212121212121213,94,3
0.21212121212121213,95,1
0.21212121212121213,96,2
0.21212121212121213,97,2
0.21212121212121213,98,2
0.21212121212121213,99,5
0.21212121212121213,100,2
