Density,Travel Time,Frequency
0.6464646464646465,0,970
0.6464646464646465,84,1
0.6464646464646465,85,1
0.6464646464646465,87,1
0.6464646464646465,88,2
0.6464646464646465,89,2
0.6464646464646465,91,2
0.6464646464646465,92,3
0.6464646464646465,93,2
0.6464646464646465,94,3
0.6464646464646465,95,3
0.6464646464646465,96,2
0.6464646464646465,97,2
0.6464646464646465,98,1
0.6464646464646465,99,4
0.6464646464646465,100,1
