Density,Travel Time,Frequency
0.25252525252525254,0,986
0.25252525252525254,86,1
0.25252525252525254,88,1
0.25252525252525254,89,1
0.25252525252525254,90,1
0.25252525252525254,92,1
0.25252525252525254,94,1
0.25252525252525254,95,1
0.25252525252525254,98,2
0.25252525252525254,99,3
0.25252525252525254,100,2
