Density,Travel Time,Frequency
0.18181818181818182,0,980
0.18181818181818182,76,1
0.18181818181818182,79,1
0.18181818181818182,80,1
0.18181818181818182,82,1
0.18181818181818182,83,1
0.18181818181818182,86,1
0.18181818181818182,87,1
0.18181818181818182,88,1
0.18181818181818182,91,2
0.18181818181818182,93,1
0.18181818181818182,94,1
0.18181818181818182,96,2
0.18181818181818182,97,2
0.18181818181818182,98,2
0.18181818181818182,99,1
0.18181818181818182,100,1
