Density,Travel Time,Frequency
0.15151515151515152,0,977
0.15151515151515152,84,1
0.15151515151515152,85,2
0.15151515151515152,86,1
0.15151515151515152,88,3
0.15151515151515152,89,2
0.15151515151515152,90,2
0.15151515151515152,92,1
0.15151515151515152,94,1
0.15151515151515152,95,2
0.15151515151515152,96,2
0.15151515151515152,97,2
0.15151515151515152,98,1
0.15151515151515152,99,3
