Density,Travel Time,Frequency
0.25252525252525254,0,997
0.25252525252525254,93,1
0.25252525252525254,98,1
0.25252525252525254,99,1
