Density,Travel Time,Frequency
0.13131313131313133,0,990
0.13131313131313133,75,1
0.13131313131313133,77,1
0.13131313131313133,79,1
0.13131313131313133,81,1
0.13131313131313133,85,1
0.13131313131313133,88,1
0.13131313131313133,94,1
0.13131313131313133,97,1
0.13131313131313133,99,1
0.13131313131313133,100,1
