Density,Travel Time,Frequency
0.12121212121212122,0,990
0.12121212121212122,86,1
0.12121212121212122,87,1
0.12121212121212122,88,1
0.12121212121212122,89,1
0.12121212121212122,90,1
0.12121212121212122,93,1
0.12121212121212122,94,1
0.12121212121212122,96,1
0.12121212121212122,97,1
0.12121212121212122,99,1
