Density,Travel Time,Frequency
0.07070707070707072,0,989
0.07070707070707072,90,1
0.07070707070707072,91,1
0.07070707070707072,92,1
0.07070707070707072,93,1
0.07070707070707072,94,1
0.07070707070707072,95,1
0.07070707070707072,96,1
0.07070707070707072,98,2
0.07070707070707072,99,2
