Density,Travel Time,Frequency
0.05050505050505051,0,992
0.05050505050505051,90,1
0.05050505050505051,91,1
0.05050505050505051,93,1
0.05050505050505051,94,1
0.05050505050505051,95,1
0.05050505050505051,96,1
0.05050505050505051,98,2
