Density,Travel Time,Frequency
0.5353535353535354,0,969
0.5353535353535354,82,1
0.5353535353535354,85,1
0.5353535353535354,86,1
0.5353535353535354,87,2
0.5353535353535354,88,1
0.5353535353535354,89,2
0.5353535353535354,90,2
0.5353535353535354,91,3
0.5353535353535354,92,2
0.5353535353535354,93,2
0.5353535353535354,94,2
0.5353535353535354,95,2
0.5353535353535354,96,1
0.5353535353535354,97,2
0.5353535353535354,98,1
0.5353535353535354,99,4
0.5353535353535354,100,2
