Density,Travel Time,Frequency
0.05050505050505051,0,979
0.05050505050505051,80,1
0.05050505050505051,81,1
0.05050505050505051,86,2
0.05050505050505051,87,2
0.05050505050505051,89,2
0.05050505050505051,90,1
0.05050505050505051,92,2
0.05050505050505051,93,1
0.05050505050505051,95,1
0.05050505050505051,97,2
0.05050505050505051,98,1
0.05050505050505051,99,3
0.05050505050505051,100,2
