Density,Travel Time,Frequency
0.4747474747474748,0,966
0.4747474747474748,2,3
0.4747474747474748,10,1
0.4747474747474748,79,1
0.4747474747474748,83,1
0.4747474747474748,84,1
0.4747474747474748,87,1
0.4747474747474748,88,5
0.4747474747474748,90,1
0.4747474747474748,91,1
0.4747474747474748,92,6
0.4747474747474748,93,1
0.4747474747474748,94,2
0.4747474747474748,95,1
0.4747474747474748,96,2
0.4747474747474748,97,4
0.4747474747474748,98,1
0.4747474747474748,99,2
