Density,Travel Time,Frequency
0.030303030303030304,0,990
0.030303030303030304,81,1
0.030303030303030304,85,1
0.030303030303030304,86,1
0.030303030303030304,87,1
0.030303030303030304,89,1
0.030303030303030304,92,1
0.030303030303030304,93,1
0.030303030303030304,94,1
0.030303030303030304,96,1
0.030303030303030304,99,1
