Density,Travel Time,Frequency
0.787878787878788,0,977
0.787878787878788,78,1
0.787878787878788,80,1
0.787878787878788,81,1
0.787878787878788,82,1
0.787878787878788,85,1
0.787878787878788,91,1
0.787878787878788,92,1
0.787878787878788,95,3
0.787878787878788,96,2
0.787878787878788,97,3
0.787878787878788,98,3
0.787878787878788,99,4
0.787878787878788,100,1
