Density,Throughput
0.1,0.025
0.2,0.065
0.30000000000000004,0.091
0.4,0.126
0.5,0.133
0.6,0.087
0.7000000000000001,0.186
0.8,0.002
0.9,0.0
1.0,0.0
