Density,Throughput
0.1,0.041
0.2,0.086
0.30000000000000004,0.16
0.4,0.097
0.5,0.307
0.6,0.037
0.7000000000000001,0.001
0.8,0.018
0.9,0.0
1.0,0.0
